cms_id,content_tag_list_x,operations_tag_list_x,content_tag_list_y,operations_tag_list_y
65bcaecb73358196a1669610,['花瓶'],['ColorPad付费包-东方静物'],['花瓶'],['ColorPad付费包-东方静物']
65bcaecb73358196a1669609,['驯鹿'],['生机带来的希望'],['驯鹿'],['生机带来的希望']
65bcaecb73358196a166960c,['独角兽'],['魔法'],['独角兽'],['魔法']
65bcaecb73358196a166960a,['熊'],['自然与生态'],['熊'],['自然与生态']
65bcaecb73358196a166960f,['盆栽绿植'],['ColorPad付费包-东方静物'],['盆栽绿植'],['ColorPad付费包-东方静物']
65bc5a24a64b6582fe047b94,['欧美日常女性'],"['iPad速写图', '冲击目标的坚持']",['欧美日常女性'],"['iPad速写图', '冲击目标的坚持']"
65bcaecb73358196a1669608,['其他猫'],['生机带来的希望'],['其他猫'],['生机带来的希望']
65bcaecb73358196a166960b,['火山'],['现实重构'],['火山'],['现实重构']
65bcaecb73358196a1669606,['欧美日常女性'],['美好生活的喜悦'],['欧美日常女性'],['美好生活的喜悦']
65bcaecb73358196a1669604,['多种动物'],['生机带来的希望'],['多种动物'],['生机带来的希望']
65bcaecb73358196a1669611,['花瓶'],['ColorPad付费包-东方静物'],['花瓶'],['ColorPad付费包-东方静物']
65bcaecb73358196a166960e,['其他乐器'],['美好事物带来的愉悦'],['其他乐器'],['美好事物带来的愉悦']
65bcaecb73358196a166960d,['宇航员'],['探索外太空'],['宇航员'],['探索外太空']
65bcaecb73358196a1669607,['孩子'],"['ColorPad付费包-家庭时光', '宠物情']",['孩子'],"['ColorPad付费包-家庭时光', '宠物情']"
65bcaecb73358196a1669605,['大象'],['现实重构'],['大象'],['现实重构']
65bc5a24a64b6582fe047bae,['现代简约式客厅'],"['iPad速写图', '美好生活的喜悦']",['现代简约式客厅'],"['iPad速写图', '生活环境的宁静']"
65bc5a24a64b6582fe047bad,['花瓶'],"['iPad付费包', '美好事物带来的愉悦']",['花瓶'],"['ColorPad付费包-东方静物', '美好事物带来的愉悦']"
65bc5a24a64b6582fe047bab,['花瓶'],"['iPad付费包', '美好事物带来的愉悦']",['花瓶'],"['ColorPad付费包-东方静物', '美好事物带来的愉悦']"
65bc5a24a64b6582fe047baa,['花瓶'],"['iPad付费包', '美好事物带来的愉悦']",['花瓶'],"['ColorPad付费包-东方静物', '美好事物带来的愉悦']"
65bc5a24a64b6582fe047ba9,['多家庭房屋'],"['iPad速写图', '生活环境的宁静']",['多家庭房屋'],"['iPad速写图', '生活环境的宁静']"
65bc5a24a64b6582fe047ba8,['其他奇幻房屋'],"['iPad速写图', '现实重构']",['其他奇幻房屋'],"['iPad速写图', '现实重构']"
65bc5a24a64b6582fe047bac,['花瓶'],"['iPad付费包', '美好事物带来的愉悦']",['花瓶'],"['ColorPad付费包-东方静物', '美好事物带来的愉悦']"
65bc5a24a64b6582fe047ba4,['海牛'],"['生机带来的希望', 'iPad速写图']",['海牛'],"['生机带来的希望', 'iPad速写图']"
65bc5a24a64b6582fe047ba7,['西瓜'],"['iPad速写图', '生活与节日']",['西瓜'],"['iPad速写图', '生活与节日']"
65bc5a24a64b6582fe047ba3,['欧美日常女性'],"['宠物情', 'iPad速写图']",['欧美日常女性'],"['宠物情', 'iPad速写图']"
65bc5a24a64b6582fe047ba6,['精灵'],"['彩绘作者包-Roisin_Sweeney', '经典童话再现']",['精灵'],"['彩绘作者包-Roisin_Sweeney', '经典童话再现']"
65bc5a24a64b6582fe047ba5,['孩子'],['故事线-倒带人生'],['孩子'],['故事线-倒带人生']
65bc5a24a64b6582fe047ba2,['多人'],"['亲情', 'iPad速写图']",['多人'],"['亲情', 'iPad速写图']"
65bc5a24a64b6582fe047ba1,['家庭'],"['iPad付费包', '亲情']",['家庭'],"['ColorPad付费包-家庭时光', '亲情']"
65bc5a24a64b6582fe047ba0,['其他奇幻动物'],"['iPad付费包', '原创幻想', 'ColorPad付费包-荒诞动物']",['其他奇幻动物'],"['ColorPad付费包-荒诞动物', '原创幻想']"
65bc5a24a64b6582fe047b9f,['其他奇幻动物'],"['iPad付费包', 'ColorPad付费包-荒诞动物', '原创幻想']",['其他奇幻动物'],"['ColorPad付费包-荒诞动物', '原创幻想']"
65bc5a24a64b6582fe047b9e,['其他奇幻场景'],"['现实重构', 'iPad速写图']",['其他奇幻场景'],"['现实重构', 'iPad速写图']"
65bc5a24a64b6582fe047b9d,['其他奇幻场景'],"['现实重构', 'iPad速写图']",['孩子'],"['现实重构', 'iPad速写图']"
65bc5a24a64b6582fe047b9c,['鲸鱼'],"['iPad速写图', '自然与生态']",['鲸鱼'],"['iPad速写图', '自然与生态']"
65bc5a24a64b6582fe047b9b,['其他房屋内饰'],"['美好事物带来的愉悦', 'iPad速写图']",['其他房屋内饰'],"['美好事物带来的愉悦', 'iPad速写图']"
65bc5a24a64b6582fe047b9a,['化妆品'],"['美好事物带来的愉悦', 'iPad速写图']",['化妆品'],"['美好事物带来的愉悦', 'iPad速写图']"
65bc5a24a64b6582fe047b98,['孩子'],"['宠物情', 'iPad速写图']",['孩子'],"['宠物情', 'iPad速写图']"
65bc5a24a64b6582fe047b99,['梳妆盒台'],"['美好事物带来的愉悦', 'iPad速写图']",['梳妆盒台'],"['美好事物带来的愉悦', 'iPad速写图']"
65bc5a24a64b6582fe047b97,['其他奇幻物品'],"['经典童话再现', 'iPad速写图']",['其他奇幻物品'],"['经典童话再现', 'iPad速写图']"
65bc5a24a64b6582fe047b96,['其他奇幻场景'],"['架空世界', 'iPad速写图']",['其他奇幻场景'],"['架空世界', 'iPad速写图']"
65bc5a24a64b6582fe047b95,['其他猫'],"['彩绘作者包-Oleg_Gavrilov', '美好生活的喜悦']",['其他猫'],"['彩绘作者包-Oleg_Gavrilov', '美好生活的喜悦']"
65ae35ee73358196a1651c4a,['其他种族女性'],"['ColorPad付费包-古典油画', '宠物情']",['其他种族女性'],"['ColorPad付费包-古典油画', '宠物情']"
65ae35ee73358196a1651c32,['小镇'],"['ColorPad付费包-古典油画', '美学风格']",['小镇'],"['ColorPad付费包-古典油画', '美学风格']"
65a748bdf4f3a2c24894167d,['多人'],"['ColorPad付费包-古典油画', '美学风格']",['多人'],"['ColorPad付费包-古典油画', '美学风格']"
65a748bdf4f3a2c24894167a,['多种动物'],"['ColorPad付费包-古典油画', '美学风格']",['多种动物'],"['ColorPad付费包-古典油画', '美学风格']"
65a748bdf4f3a2c24894167c,['多人'],"['ColorPad付费包-古典油画', '美学风格']",['多人'],"['ColorPad付费包-古典油画', '美学风格']"
65a748bdf4f3a2c24894167e,['欧洲宫廷女性'],"['ColorPad付费包-古典油画', '宠物情']",['欧洲宫廷女性'],"['ColorPad付费包-古典油画', '宠物情']"
65a748bdf4f3a2c24894167b,['多人'],"['ColorPad付费包-古典油画', '美学风格']",['多人'],"['ColorPad付费包-古典油画', '美学风格']"
65a62565f4f3a2c24893fa17,['多人'],"['ColorPad付费包-古典油画', '美学风格']",['多人'],"['ColorPad付费包-古典油画', '美学风格']"
65a62565f4f3a2c24893fa18,['世界名画'],"['ColorPad付费包-古典油画', '美学风格']",['世界名画'],"['ColorPad付费包-古典油画', '美学风格']"
659bc504d0e2d694fbb0b6c3,['帐篷'],"['iPad速写图', '生活环境的宁静']",['帐篷'],"['iPad速写图', '生活环境的宁静']"
65b8974ba64b6582fe040e66,['蛋糕'],"['美好事物带来的愉悦', 'iPad速写图']",['蛋糕'],"['美好事物带来的愉悦', 'iPad速写图']"
65b8974ba64b6582fe040e5f,['精灵'],"['iPad速写图', '魔法']",['精灵'],"['iPad速写图', '魔法']"
65b34f7ba64b6582fe03a8ec,['立体图案'],"['秩序化图案', 'ZenColor普通图']",['立体图案'],"['秩序化图案', 'ZenColor普通图']"
65b34f7ba64b6582fe03a8e7,['多人'],['社会生活的喜悦'],['多人'],['社会生活的喜悦']
65ae35ee73358196a1651c38,['独栋房屋'],"['彩绘作者包-Guido_Borelli', '成图采购']",['独栋房屋'],"['彩绘作者包-Guido_Borelli', '成图采购']"
65a8bb9da64b6582fe0284dd,['猩猩'],"['iPad速写图', '生机带来的希望']",['猩猩'],"['iPad速写图', '生机带来的希望']"
65b1ffe4a64b6582fe037d0e,['拟人鼠'],"['iPad速写图', '拟人化']",['拟人鼠'],"['iPad速写图', '拟人化']"
65b1ffe4a64b6582fe037d09,['孩子'],"['iPad速写图', '美好生活的喜悦']",['孩子'],"['iPad速写图', '美好生活的喜悦']"
65ae35ee73358196a1651c46,['其他鸟'],['美学风格'],['其他鸟'],['美学风格']
65ae35ee73358196a1651c33,['厨房'],"['iPad速写图', '生活环境的宁静']",['厨房'],"['iPad速写图', '生活环境的宁静']"
65a9f73173358196a164c1ff,['立体图案'],"['ZenColor普通图', '秩序化图案']",['立体图案'],"['ZenColor普通图', '秩序化图案']"
65a8bb9da64b6582fe0284e1,['王子公主'],"['iPad速写图', '幻想主题创意']",['王子公主'],"['iPad速写图', '幻想主题创意']"
659fb8cd7bc0f70db050e272,['其他花'],"['iPad速写图', '生机带来的希望']",['其他花'],"['iPad速写图', '生机带来的希望']"
65ae35ee73358196a1651c3e,['奇幻鹿'],"['iPad速写图', '现实想象创意']",['奇幻鹿'],"['iPad速写图', '现实想象创意']"
65b8974ba64b6582fe040e6d,['其他猫'],"['彩绘作者包-Oleg_Gavrilov', '美好生活的喜悦']",['其他猫'],"['彩绘作者包-Oleg_Gavrilov', '美好生活的喜悦']"
65b1ffe4a64b6582fe037d13,['立体图案'],"['秩序化图案', 'ZenColor普通图']",['立体图案'],"['秩序化图案', 'ZenColor普通图']"
65a9e93aa64b6582fe02a862,['花海'],"['iPad速写图', '自然环境的宁静']",['花海'],"['iPad速写图', '自然环境的宁静']"
65a77b1bf4f3a2c248941c58,['独栋房屋'],"['iPad速写图', '生活环境的宁静']",['独栋房屋'],"['iPad速写图', '生活环境的宁静']"
659bc504d0e2d694fbb0b6ce,['王子公主'],"['iPad速写图', '经典童话再现']",['王子公主'],"['iPad速写图', '经典童话再现']"
659bc37629b00e0d9f7f18f3,['兔子'],"['iPad速写图', '生机带来的希望']",['兔子'],"['iPad速写图', '生机带来的希望']"
65b8974ba64b6582fe040e5b,['其他奇幻场景'],"['iPad速写图', '架空世界']",['其他奇幻场景'],"['iPad速写图', '架空世界']"
65a62565f4f3a2c24893fa00,['书'],"['iPad速写图', '美好事物带来的愉悦']",['书'],"['iPad速写图', '美好事物带来的愉悦']"
65b8974ba64b6582fe040e64,['其他狗'],"['iPad速写图', '美好生活的喜悦']",['其他狗'],"['iPad速写图', '美好生活的喜悦']"
65b1ffe4a64b6582fe037d14,['平铺图案'],['秩序化图案'],['平铺图案'],['秩序化图案']
65b06cdb73358196a165580a,['独栋房屋'],"['彩绘作者包-Haruka_Togai', '生活环境的宁静']",['独栋房屋'],"['彩绘作者包-Haruka_Togai', '生活环境的宁静']"
65b06cdb73358196a1655807,['拟人企鹅'],"['iPad速写图', '拟人化']",['拟人企鹅'],"['iPad速写图', '拟人化']"
65ae35ee73358196a1651c31,['河流'],"['iPad速写图', '自然环境的宁静']",['河流'],"['iPad速写图', '自然环境的宁静']"
65a9f73173358196a164c1fa,['地球'],"['iPad速写图', '生活与节日']",['地球'],"['iPad速写图', '生活与节日']"
65b8974ba64b6582fe040e86,['其他奇幻场景'],"['ColorPad付费包-荒诞动物', '原创幻想']",['其他奇幻场景'],"['ColorPad付费包-荒诞动物', '原创幻想']"
65b8974ba64b6582fe040e85,['其他奇幻场景'],"['ColorPad付费包-荒诞动物', '原创幻想']",['其他奇幻场景'],"['ColorPad付费包-荒诞动物', '原创幻想']"
65b8974ba64b6582fe040e87,['多人'],"['ColorPad付费包-家庭时光', '亲情']",['多人'],"['ColorPad付费包-家庭时光', '亲情']"
65b8974ba64b6582fe040e79,['其他房屋内饰'],"['ColorPad付费包-多彩场所', '生活环境的宁静']",['其他房屋内饰'],"['ColorPad付费包-多彩场所', '生活环境的宁静']"
65b8974ba64b6582fe040e7b,['街景一角'],"['ColorPad付费包-多彩场所', '生活环境的宁静']",['街景一角'],"['ColorPad付费包-多彩场所', '生活环境的宁静']"
65b8974ba64b6582fe040e7a,['现代简约卧室'],"['ColorPad付费包-多彩场所', '生活环境的宁静']",['现代简约卧室'],"['ColorPad付费包-多彩场所', '生活环境的宁静']"
65b8974ba64b6582fe040e78,['厨房'],"['ColorPad付费包-多彩场所', '生活环境的宁静']",['厨房'],"['ColorPad付费包-多彩场所', '生活环境的宁静']"
65b8974ba64b6582fe040e83,['其他奇幻场景'],"['ColorPad付费包-荒诞动物', '原创幻想']",['其他奇幻场景'],"['ColorPad付费包-荒诞动物', '原创幻想']"
65b8974ba64b6582fe040e6f,['现代简约式客厅'],"['ColorPad付费包-多彩场所', '生活环境的宁静']",['现代简约式客厅'],"['ColorPad付费包-多彩场所', '生活环境的宁静']"
65b8974ba64b6582fe040e76,['餐厅'],"['ColorPad付费包-多彩场所', '美好事物带来的愉悦']",['餐厅'],"['ColorPad付费包-多彩场所', '美好事物带来的愉悦']"
65b8974ba64b6582fe040e84,['其他奇幻场景'],"['ColorPad付费包-荒诞动物', '原创幻想']",['其他奇幻场景'],"['ColorPad付费包-荒诞动物', '原创幻想']"
65b8974ba64b6582fe040e77,['小径'],"['ColorPad付费包-多彩场所', '生活环境的宁静']",['小径'],"['ColorPad付费包-多彩场所', '生活环境的宁静']"
65b8974ba64b6582fe040e74,['浴室'],"['ColorPad付费包-多彩场所', '美学风格']",['浴室'],"['ColorPad付费包-多彩场所', '美学风格']"
65b8974ba64b6582fe040e75,['其他房屋内饰'],"['ColorPad付费包-多彩场所', '美学风格']",['其他房屋内饰'],"['ColorPad付费包-多彩场所', '美学风格']"
65b1ffe4a64b6582fe037d06,['多家庭房屋'],"['ColorPad付费包-乌克兰民族风', '美学风格']",['多家庭房屋'],"['ColorPad付费包-乌克兰民族风', '美学风格']"
65b1ffe4a64b6582fe037d03,['其他豹'],"['ColorPad付费包-乌克兰民族风', '美学风格']",['其他豹'],"['ColorPad付费包-乌克兰民族风', '美学风格']"
65b1ffe4a64b6582fe037d04,['其他鸟'],"['ColorPad付费包-乌克兰民族风', '美学风格']",['其他鸟'],"['ColorPad付费包-乌克兰民族风', '美学风格']"
65b1ffe4a64b6582fe037d05,['俄罗斯套娃'],"['ColorPad付费包-乌克兰民族风', '美学风格']",['俄罗斯套娃'],"['ColorPad付费包-乌克兰民族风', '美学风格']"
65ae35ee73358196a1651c42,['多人'],"['ColorPad付费包-乌克兰民族风', '美学风格']",['多人'],"['ColorPad付费包-乌克兰民族风', '美学风格']"
65ae35ee73358196a1651c4b,['多人'],"['ColorPad付费包-乌克兰民族风', '美学风格']",['多人'],"['ColorPad付费包-乌克兰民族风', '美学风格']"
65a8bb9da64b6582fe0284e5,['其他种族女性'],"['ColorPad付费包-乌克兰民族风', '美学风格']",['其他种族女性'],"['ColorPad付费包-乌克兰民族风', '美学风格']"
65a8bb9da64b6582fe0284e3,[],"['ColorPad付费包-乌克兰民族风', '美学风格']",[],"['ColorPad付费包-乌克兰民族风', '美学风格']"
65a77b1bf4f3a2c248941c64,['其他花'],"['ColorPad付费包-乌克兰民族风', '美学风格']",['其他花'],"['ColorPad付费包-乌克兰民族风', '美学风格']"
65b9c2a473358196a1663bcd,['多人'],['故事线-倒带人生'],['多人'],['故事线-倒带人生']
65b9c2a473358196a1663bcc,['多人'],['故事线-倒带人生'],['多人'],['故事线-倒带人生']
65b8974ba64b6582fe040e7e,['多人'],['故事线-倒带人生'],['多人'],['故事线-倒带人生']
65b8974ba64b6582fe040e8a,['街景一角'],['故事线-倒带人生'],['街景一角'],['故事线-倒带人生']
65b8974ba64b6582fe040e80,['多人'],['故事线-倒带人生'],['多人'],['故事线-倒带人生']
65b8974ba64b6582fe040e7c,['多人'],['故事线-倒带人生'],['多人'],['故事线-倒带人生']
65b8974ba64b6582fe040e89,['多人'],['故事线-倒带人生'],['多人'],['故事线-倒带人生']
65b8974ba64b6582fe040e7d,['多人'],['故事线-倒带人生'],['多人'],['故事线-倒带人生']
65b8974ba64b6582fe040e7f,['多人'],['故事线-倒带人生'],['多人'],['故事线-倒带人生']
65b34f7ba64b6582fe03a8ed,['欧美日常女性'],['故事线-倒带人生'],['欧美日常女性'],['故事线-倒带人生']
65b34f7ba64b6582fe03a8ee,['多人'],['故事线-倒带人生'],['多人'],['故事线-倒带人生']
65a8bb9da64b6582fe0284e6,['多人'],['故事线-情感'],['多人'],['故事线-情感']
65a8bb9da64b6582fe0284df,['其他奇幻场景'],['故事线-小美人鱼'],['其他奇幻场景'],['故事线-小美人鱼']
65a748bdf4f3a2c248941682,['美人鱼'],['故事线-小美人鱼'],['美人鱼'],['故事线-小美人鱼']
65a748bdf4f3a2c248941680,['美人鱼'],['故事线-小美人鱼'],['美人鱼'],['故事线-小美人鱼']
65a748bdf4f3a2c248941681,['多人'],['故事线-小美人鱼'],['多人'],['故事线-小美人鱼']
65a62565f4f3a2c24893fa27,['其他奇幻场景'],['故事线-小美人鱼'],['其他奇幻场景'],['故事线-小美人鱼']
65a62565f4f3a2c24893fa21,['女巫'],['故事线-小美人鱼'],['女巫'],['故事线-小美人鱼']
65a62565f4f3a2c24893fa20,['其他奇幻场景'],['故事线-小美人鱼'],['其他奇幻场景'],['故事线-小美人鱼']
65a62565f4f3a2c24893fa1f,['王子公主'],['故事线-情感'],['王子公主'],['故事线-情感']
65a62565f4f3a2c24893fa28,['多人'],['故事线-小美人鱼'],['多人'],['故事线-小美人鱼']
65a62565f4f3a2c24893fa22,['美人鱼'],['故事线-小美人鱼'],['美人鱼'],['故事线-小美人鱼']
65a62565f4f3a2c24893fa29,['仙女精灵'],['故事线-小美人鱼'],['仙女精灵'],['故事线-小美人鱼']
65a62565f4f3a2c24893fa26,['多人'],['故事线-小美人鱼'],['多人'],['故事线-小美人鱼']
65a0b8d7f4f3a2c2489391a4,['帆船'],['故事线-小美人鱼'],['帆船'],['故事线-小美人鱼']
65a0b8d7f4f3a2c2489391a5,['多人'],['故事线-小美人鱼'],['多人'],['故事线-小美人鱼']
659e389a7bc0f70db050bb0b,['美人鱼'],['故事线-小美人鱼'],['美人鱼'],['故事线-小美人鱼']
659e389a7bc0f70db050bb0a,['美人鱼'],['故事线-小美人鱼'],['美人鱼'],['故事线-小美人鱼']
659e389a7bc0f70db050bb0d,['美人鱼'],['故事线-小美人鱼'],['美人鱼'],['故事线-小美人鱼']
659e389a7bc0f70db050bb09,['美人鱼'],['故事线-小美人鱼'],['美人鱼'],['故事线-小美人鱼']
659e389a7bc0f70db050bb0c,['美人鱼'],['故事线-小美人鱼'],['美人鱼'],['故事线-小美人鱼']
659e389a7bc0f70db050bb08,['奇幻城堡'],['故事线-小美人鱼'],['奇幻城堡'],['故事线-小美人鱼']
65ae35ee73358196a1651c35,['机器人'],"['iPad速写图', '人工智能']",['机器人'],"['iPad速写图', '人工智能']"
65b8974ba64b6582fe040e69,['点阵图'],"['秩序化图案', 'ZenColor普通图']",['点阵图'],"['秩序化图案', 'ZenColor普通图']"
65ae35ee73358196a1651c3f,['松鼠'],"['彩绘作者包-徐同舟', '生机带来的希望']",['松鼠'],"['彩绘作者包-徐同舟', '生机带来的希望']"
659bc4a9d0e2d694fbb0b691,['其他奇幻场景'],"['iPad速写图', '现实重构']",['其他奇幻场景'],"['iPad速写图', '现实重构']"
659bc4a9d0e2d694fbb0b681,['独栋房屋'],"['iPad速写图', '生活环境的宁静']",['独栋房屋'],"['iPad速写图', '生活环境的宁静']"
659bc37629b00e0d9f7f18fe,['电话'],"['iPad速写图', '美好事物带来的愉悦']",['电话'],"['iPad速写图', '美好事物带来的愉悦']"
659bc37629b00e0d9f7f18e4,['孩子'],"['iPad速写图', '美好生活的喜悦']",['孩子'],"['iPad速写图', '美好生活的喜悦']"
659bc504d0e2d694fbb0b6ba,['其他狗'],"['iPad速写图', '美好生活的喜悦']",['其他狗'],"['iPad速写图', '美好生活的喜悦']"
65ae35ee73358196a1651c3a,['混合甜点'],"['iPad速写图', '美好事物带来的愉悦']",['混合甜点'],"['iPad速写图', '美好事物带来的愉悦']"
65b9c2a473358196a1663bca,['现代简约式客厅'],"['iPad速写图', '生活环境的宁静']",['现代简约式客厅'],"['iPad速写图', '生活环境的宁静']"
65b8974ba64b6582fe040e5c,['狐狸'],"['iPad速写图', '现实想象创意']",['狐狸'],"['iPad速写图', '现实想象创意']"
65b34f7ba64b6582fe03a8ef,['孩子'],"['美好生活的喜悦', '彩绘作者包-Mira_Rast']",['孩子'],"['美好生活的喜悦', '彩绘作者包-Mira_Rast']"
659f6543f4f3a2c248936dff,['平铺图案'],"['ZenColor普通图', '秩序化图案']",['平铺图案'],"['ZenColor普通图', '秩序化图案']"
65b1ffe4a64b6582fe037d18,['平铺图案'],"['秩序化图案', 'ZenColor普通图']",['平铺图案'],"['秩序化图案', 'ZenColor普通图']"
65ae35ee73358196a1651c3b,['其他车'],"['iPad速写图', '美好事物带来的愉悦']",['其他车'],"['iPad速写图', '美好事物带来的愉悦']"
65ae35ee73358196a1651c45,['独栋房屋'],"['彩绘作者包-徐同舟', '生活环境的宁静']",['独栋房屋'],"['彩绘作者包-徐同舟', '生活环境的宁静']"
65a62565f4f3a2c24893f9fa,['美人鱼'],['魔法'],['美人鱼'],['魔法']
659e389a7bc0f70db050bb1a,['孩子'],"['iPad速写图', '宠物情']",['孩子'],"['iPad速写图', '宠物情']"
659bc4a9d0e2d694fbb0b694,['其他花'],"['iPad速写图', '生机带来的希望']",['其他花'],"['iPad速写图', '生机带来的希望']"
65a8bb9da64b6582fe0284e4,['河流湖泊'],"['iPad速写图', '神秘图', '自然环境的宁静']",['河流湖泊'],"['神秘图', 'iPad速写图', '自然风光的宁静']"
65b9c2a473358196a1663bc7,['猪'],"['iPad速写图', '生机带来的希望']",['猪'],"['iPad速写图', '生机带来的希望']"
65b9c2a473358196a1663bc9,['宇航员'],"['iPad速写图', '探索外太空']",['宇航员'],"['iPad速写图', '探索外太空']"
65b9c2a473358196a1663bc8,['其他猫'],"['iPad速写图', '美好生活的喜悦']",['其他猫'],"['iPad速写图', '美好生活的喜悦']"
65b9c2a473358196a1663bcb,['杯碟水壶'],"['神秘图', '美好事物带来的愉悦']",['杯碟水壶'],"['神秘图', '美好事物带来的愉悦']"
65b8974ba64b6582fe040e65,['其他车'],"['美好事物带来的愉悦', 'iPad速写图']",['其他车'],"['美好事物带来的愉悦', 'iPad速写图']"
65b8974ba64b6582fe040e60,['啤酒'],"['iPad速写图', '生活与节日']",['啤酒'],"['iPad速写图', '现实想象创意']"
65b8974ba64b6582fe040e62,['其他狗'],"['现实重构', 'iPad速写图']",['其他狗'],"['现实重构', 'iPad速写图']"
65b8974ba64b6582fe040e63,['其他动物'],"['生机带来的希望', 'iPad速写图']",['其他动物'],"['生机带来的希望', 'iPad速写图']"
65b8974ba64b6582fe040e5d,['拟人鼠'],"['iPad速写图', '拟人化']",['拟人鼠'],"['iPad速写图', '拟人化']"
65b8974ba64b6582fe040e73,['厨具'],"['美好事物带来的愉悦', 'iPad速写图']",['厨具'],"['美好事物带来的愉悦', 'iPad速写图']"
65b8974ba64b6582fe040e6a,['立体图案'],"['秩序化图案', 'ZenColor普通图']",['立体图案'],"['秩序化图案', 'ZenColor普通图']"
65b8974ba64b6582fe040e5e,['欧美日常女性'],"['iPad速写图', '科幻朋克']",['欧美日常女性'],"['iPad速写图', '科幻朋克']"
65b8974ba64b6582fe040e61,['其他奇幻场景'],"['架空世界', 'iPad速写图']",['其他奇幻场景'],"['架空世界', 'iPad速写图']"
65b8974ba64b6582fe040e68,['灯饰'],"['美好事物带来的愉悦', 'iPad速写图']",['灯饰'],"['美好事物带来的愉悦', 'iPad速写图']"
65b8974ba64b6582fe040e67,['杯碟水壶'],"['美好事物带来的愉悦', 'iPad速写图']",['杯碟水壶'],"['美好事物带来的愉悦', 'iPad速写图']"
65b8974ba64b6582fe040e72,['现代简约卧室'],"['iPad速写图', '生活环境的宁静']",['现代简约卧室'],"['iPad速写图', '生活环境的宁静']"
65b8974ba64b6582fe040e88,['青蛙'],"['生机带来的希望', '神秘图']",['青蛙'],"['生机带来的希望', '神秘图']"
65b8974ba64b6582fe040e6e,['精灵'],"['神秘图', '魔法']",['精灵'],"['神秘图', '魔法']"
65b8974ba64b6582fe040e6b,['立体图案'],['秩序化图案'],['立体图案'],['秩序化图案']
65b8974ba64b6582fe040e6c,['抽象线条'],['秩序化图案'],['抽象线条'],['秩序化图案']
65b8974ba64b6582fe040e70,['其他奇幻场景'],"['架空世界', 'iPad速写图']",['其他奇幻场景'],"['架空世界', 'iPad速写图']"
65b8974ba64b6582fe040e8b,['桥梁'],"['iPad速写图', '现实重构']",['桥梁'],"['iPad速写图', '现实重构']"
65b8974ba64b6582fe040e5a,['其他狗'],"['彩绘作者包-Oleg_Gavrilov', '美好生活的喜悦']",['其他狗'],"['彩绘作者包-Oleg_Gavrilov', '美好生活的喜悦']"
65b8974ba64b6582fe040e81,['街道'],"['生活环境的宁静', '彩绘作者包-Haruka_Togai']",['街道'],"['生活环境的宁静', '彩绘作者包-Haruka_Togai']"
65b8974ba64b6582fe040e82,['鼯鼠'],"['生机带来的希望', 'iPad速写图']",['鼯鼠'],"['生机带来的希望', 'iPad速写图']"
65b8974ba64b6582fe040e71,['独栋房屋'],"['iPad速写图', '生活环境的宁静']",['独栋房屋'],"['iPad速写图', '生活环境的宁静']"
659bc4a9d0e2d694fbb0b663,['猫头鹰'],"['iPad速写图', '生机带来的希望']",['猫头鹰'],"['iPad速写图', '生机带来的希望']"
659bc504d0e2d694fbb0b6c1,['多种动物'],"['iPad速写图', '生机带来的希望']",['多种动物'],"['iPad速写图', '生机带来的希望']"
65b06cdb73358196a165580b,['欧美日常女性'],"['iPad速写图', '兴趣活动的喜悦']",['欧美日常女性'],"['iPad速写图', '兴趣活动的喜悦']"
65b06cdb73358196a165580d,['欧美日常女性'],"['美好生活的喜悦', '彩绘作者包-Camille_Leclerc']",['欧美日常女性'],"['美好生活的喜悦', '彩绘作者包-Camille_Leclerc']"
65a62565f4f3a2c24893fa0b,['其他狗'],"['彩绘作者包-Larry_Jones', '美好生活的喜悦']",['其他狗'],"['彩绘作者包-Larry_Jones', '美好生活的喜悦']"
659e389a7bc0f70db050bb0e,['其他奇幻人物'],"['彩绘作者包-Anne_Stokes', '魔法']",['其他奇幻人物'],"['彩绘作者包-Anne_Stokes', '魔法']"
65b34f7ba64b6582fe03a8ea,['其他猫'],['现实重构'],['其他猫'],['现实重构']
65b34f7ba64b6582fe03a8e8,['燕子'],"['生机带来的希望', '彩绘作者包-Mira_Rast']",['燕子'],"['生机带来的希望', '彩绘作者包-Mira_Rast']"
65b34f7ba64b6582fe03a8e5,['婴儿床'],"['iPad速写图', '美好事物带来的愉悦']",['婴儿床'],"['iPad速写图', '美好事物带来的愉悦']"
65b34f7ba64b6582fe03a8eb,['立体图案'],"['秩序化图案', 'ZenColor普通图']",['立体图案'],"['秩序化图案', 'ZenColor普通图']"
65b34f7ba64b6582fe03a8e9,['龙蛋'],['魔法'],['龙蛋'],['魔法']
65b34f7ba64b6582fe03a8e6,['兔子'],"['iPad速写图', '生机带来的希望']",['仓鼠'],"['iPad速写图', '生机带来的希望']"
65b34f7ba64b6582fe03a8e3,['帆船'],"['美好事物带来的愉悦', 'iPad速写图']",['帆船'],"['美好事物带来的愉悦', 'iPad速写图']"
659bc4a9d0e2d694fbb0b67d,['混合甜点'],"['iPad速写图', '美好事物带来的愉悦']",['混合甜点'],"['iPad速写图', '美好事物带来的愉悦']"
65a9e93aa64b6582fe02a863,['梅花鹿'],"['iPad速写图', '生机带来的希望']",['梅花鹿'],"['iPad速写图', '生机带来的希望']"
659bc37629b00e0d9f7f18f0,['孩子'],"['iPad速写图', '友情']",['孩子'],"['iPad速写图', '友情']"
659bc4a9d0e2d694fbb0b66a,['其他奇幻人物'],"['iPad速写图', '魔法']",['其他奇幻人物'],"['iPad速写图', '魔法']"
659bc37629b00e0d9f7f18f7,['平铺图案'],"['ZenColor普通图', '秩序化图案']",['平铺图案'],"['ZenColor普通图', '秩序化图案']"
659f6543f4f3a2c248936dfc,['玫瑰'],"['iPad速写图', '生机带来的希望']",['玫瑰'],"['iPad速写图', '生机带来的希望']"
659e389a7bc0f70db050bb15,['孩子'],"['iPad速写图', '生活与节日']",['孩子'],"['iPad速写图', '生活与节日']"
659bc504d0e2d694fbb0b6b3,['现代简约卧室'],"['iPad速写图', '生活环境的宁静']",['现代简约卧室'],"['iPad速写图', '生活环境的宁静']"
659bc4a9d0e2d694fbb0b669,['吊椅'],"['iPad速写图', '美好事物带来的愉悦']",['吊椅'],"['iPad速写图', '美好事物带来的愉悦']"
659e389a7bc0f70db050bb01,['曼陀罗'],['曼陀罗'],['曼陀罗'],['曼陀罗']
659f6543f4f3a2c248936dfa,['欧美日常女性'],"['兴趣活动的喜悦', 'iPad速写图']",['欧美日常女性'],"['兴趣活动的喜悦', 'iPad速写图']"
659bc4a9d0e2d694fbb0b680,['平铺图案'],"['iPad速写图', '秩序化图案']",['平铺图案'],"['iPad速写图', '秩序化图案']"
659bc504d0e2d694fbb0b6b5,['独栋房屋'],"['iPad速写图', '生活环境的宁静']",['独栋房屋'],"['iPad速写图', '生活环境的宁静']"
659bc37629b00e0d9f7f18e6,['帽子'],"['iPad速写图', '美好事物带来的愉悦']",['帽子'],"['iPad速写图', '美好事物带来的愉悦']"
659bc504d0e2d694fbb0b6af,['拟人兔'],"['iPad速写图', '拟人化']",['拟人兔'],"['iPad速写图', '拟人化']"
659bc504d0e2d694fbb0b6ae,['拟人鸭'],"['iPad速写图', '拟人化']",['拟人鸭'],"['iPad速写图', '拟人化']"
659e389a7bc0f70db050bb16,['其他车'],"['iPad速写图', '生活与节日']",['其他车'],"['iPad速写图', '生活与节日']"
659bc37629b00e0d9f7f18ff,['独栋房屋'],"['iPad速写图', '自然环境的宁静']",['独栋房屋'],"['iPad速写图', '自然环境的宁静']"
659bc37629b00e0d9f7f18fc,['曼陀罗'],"['ZenColor普通图', '曼陀罗']",['曼陀罗'],"['ZenColor普通图', '曼陀罗']"
65a62565f4f3a2c24893fa07,['其他猫'],"['iPad速写图', '美好生活的喜悦']",['其他猫'],"['iPad速写图', '美好生活的喜悦']"
65a0b8d7f4f3a2c2489391a0,['海洋'],"['iPad速写图', '自然环境的宁静']",['海洋'],"['iPad速写图', '自然环境的宁静']"
65b1ffe4a64b6582fe037d15,['立体图案'],"['秩序化图案', 'ZenColor普通图']",['立体图案'],"['秩序化图案', 'ZenColor普通图']"
65b0ada373358196a16563b8,['龙蛋'],"['魔法', 'iPad速写图']",['龙蛋'],"['魔法', 'iPad速写图']"
65b06cdb73358196a165580f,['浣熊'],"['生机带来的希望', 'iPad速写图']",['浣熊'],"['生机带来的希望', 'iPad速写图']"
659fb8cd7bc0f70db050e271,['其他物品'],"['iPad速写图', '美好事物带来的愉悦']",['其他物品'],"['iPad速写图', '美好事物带来的愉悦']"
65ae35ee73358196a1651c3d,['拟人鼠'],"['iPad速写图', '拟人化']",['拟人鼠'],"['iPad速写图', '拟人化']"
65b0ada373358196a16563b6,['多人种多人'],"['群体归属', 'iPad速写图']",['多人种多人'],"['群体归属', 'iPad速写图']"
65b0ada373358196a16563ba,['独栋房屋'],"['iPad速写图', '创意建筑记录']",['独栋房屋'],"['iPad速写图', '创意建筑记录']"
65b06cdb73358196a1655805,['指路牌'],"['iPad速写图', '自然与生态']",['指路牌'],"['iPad速写图', '自然与生态']"
659bc504d0e2d694fbb0b6a8,['欧洲古典式卧室'],"['iPad速写图', '生活环境的宁静']",['欧洲古典式卧室'],"['iPad速写图', '生活环境的宁静']"
65b1ffe4a64b6582fe037d0d,['其他奇幻场景'],"['架空世界', 'iPad速写图']",['其他奇幻场景'],"['架空世界', 'iPad速写图']"
65a62565f4f3a2c24893fa08,['狼'],"['iPad速写图', '生机带来的希望']",['狼'],"['iPad速写图', '生机带来的希望']"
65a0b8d7f4f3a2c24893919e,['海洋'],"['iPad速写图', '自然环境的宁静']",['海洋'],"['iPad速写图', '自然环境的宁静']"
659e389a7bc0f70db050bb13,['多家庭房屋'],"['iPad速写图', '生活环境的宁静']",['多家庭房屋'],"['iPad速写图', '生活环境的宁静']"
659bc504d0e2d694fbb0b6cd,['王子公主'],"['iPad速写图', '经典童话再现']",['王子公主'],"['iPad速写图', '经典童话再现']"
659bc37629b00e0d9f7f18fb,['平铺图案'],"['ZenColor普通图', '秩序化图案']",['平铺图案'],"['ZenColor普通图', '秩序化图案']"
65b06cdb73358196a165580e,['其他客厅'],"['生活环境的宁静', '彩绘作者包-Haruka_Togai']",['其他客厅'],"['生活环境的宁静', '彩绘作者包-Haruka_Togai']"
65b0ada373358196a16563b7,['橱窗店面'],"['生活环境的宁静', '彩绘作者包-Haruka_Togai']",['橱窗店面'],"['生活环境的宁静', '彩绘作者包-Haruka_Togai']"
659e389a7bc0f70db050bb10,['独栋房屋'],"['彩绘作者包-Geno_Peoples', '成图采购', '生活环境的宁静']",['独栋房屋'],"['彩绘作者包-Geno_Peoples', '成图采购', '生活环境的宁静']"
659e389a7bc0f70db050bb11,['小镇'],"['彩绘作者包-Dennis_Lewan', '生活环境的宁静']",['小镇'],"['彩绘作者包-Dennis_Lewan', '生活环境的宁静']"
65a62565f4f3a2c24893fa25,['街道'],"['彩绘作者包-Dennis_Lewan', '成图采购', '生活环境的宁静']",['街道'],"['彩绘作者包-Dennis_Lewan', '成图采购', '生活环境的宁静']"
65a62565f4f3a2c24893fa03,['独栋房屋'],['生活环境的宁静'],['独栋房屋'],['生活环境的宁静']
65b1ffe4a64b6582fe037d0c,['海豹'],"['生机带来的希望', 'iPad速写图']",['海豹'],"['生机带来的希望', 'iPad速写图']"
65b1ffe4a64b6582fe037d08,['橱柜'],"['iPad速写图', '美好事物带来的愉悦']",['橱柜'],"['iPad速写图', '美好事物带来的愉悦']"
65b1ffe4a64b6582fe037d12,['树'],"['ZenColor普通图', '自然与生态']",['树'],"['ZenColor普通图', '自然与生态']"
65b1ffe4a64b6582fe037d0a,['其他童话人物'],['经典童话再现'],['其他童话人物'],['经典童话再现']
65b1ffe4a64b6582fe037d0f,['海洋'],"['自然环境的宁静', 'iPad速写图']",['海洋'],"['iPad速写图', '人工融入自然的宁静']"
65b1ffe4a64b6582fe037d17,['平铺图案'],"['秩序化图案', 'ZenColor普通图']",['平铺图案'],"['秩序化图案', 'ZenColor普通图']"
65b1ffe4a64b6582fe037d07,['其他服装'],['生活与节日'],['其他服装'],['生活与节日']
65b1ffe4a64b6582fe037d16,['瓶瓶罐罐'],"['禅绕画', 'ZenColor普通图']",['瓶瓶罐罐'],"['禅绕画', 'ZenColor普通图']"
65b1ffe4a64b6582fe037d0b,['女巫'],"['iPad速写图', '魔法']",['女巫'],"['iPad速写图', '魔法']"
65b1ffe4a64b6582fe037d10,['桌面摆件'],"['美好事物带来的愉悦', 'iPad速写图']",['桌面摆件'],"['美好事物带来的愉悦', 'iPad速写图']"
65b1ffe4a64b6582fe037d11,['其他花'],['生机带来的希望'],['其他花'],['生机带来的希望']
659e389a7bc0f70db050bafb,['独栋房屋'],"['生活环境的宁静', 'iPad速写图']",['独栋房屋'],"['生活环境的宁静', 'iPad速写图']"
659bc4a9d0e2d694fbb0b676,['其他狗'],"['iPad速写图', '拟人化']",['其他狗'],"['iPad速写图', '拟人化']"
659bc504d0e2d694fbb0b6ab,['其他猫'],['美好生活的喜悦'],['其他猫'],['美好生活的喜悦']
659bc37629b00e0d9f7f18f6,['皮卡'],"['iPad速写图', '']",['皮卡'],"['iPad速写图', '']"
65a748bdf4f3a2c248941675,['多人'],"['iPad速写图', '社会生活的喜悦']",['多人'],"['iPad速写图', '社会生活的喜悦']"
659e389a7bc0f70db050bafd,['精灵'],['魔法'],['精灵'],['魔法']
65a748bdf4f3a2c24894167f,['鹤'],"['ColorPad付费包-浮世绘', '美学风格']",['鹤'],"['ColorPad付费包-浮世绘', '美学风格']"
65a0b8d7f4f3a2c2489391a1,['其他奇幻人物'],"['ColorPad付费包-版画埃及众神', '美学风格']",['其他奇幻人物'],"['ColorPad付费包-版画埃及众神', '美学风格']"
65a0b8d7f4f3a2c2489391a2,['其他奇幻人物'],"['ColorPad付费包-版画埃及众神', '美学风格']",['其他奇幻人物'],"['ColorPad付费包-版画埃及众神', '美学风格']"
65a62565f4f3a2c24893fa13,['其他奇幻人物'],"['ColorPad付费包-版画埃及众神', '美学风格']",['其他奇幻人物'],"['ColorPad付费包-版画埃及众神', '美学风格']"
65a62565f4f3a2c24893fa15,['其他奇幻人物'],"['ColorPad付费包-版画埃及众神', '美学风格']",['其他奇幻人物'],"['ColorPad付费包-版画埃及众神', '美学风格']"
65a62565f4f3a2c24893fa16,['其他奇幻人物'],"['ColorPad付费包-版画埃及众神', '美学风格']",['其他奇幻人物'],"['ColorPad付费包-版画埃及众神', '美学风格']"
65a62565f4f3a2c24893fa12,['其他奇幻人物'],"['ColorPad付费包-版画埃及众神', '美学风格']",['其他奇幻人物'],"['ColorPad付费包-版画埃及众神', '美学风格']"
65a62565f4f3a2c24893fa14,['其他奇幻人物'],"['ColorPad付费包-版画埃及众神', '美学风格']",['其他奇幻人物'],"['ColorPad付费包-版画埃及众神', '美学风格']"
65a748bdf4f3a2c248941679,['其他奇幻人物'],"['ColorPad付费包-版画埃及众神', '美学风格']",['其他奇幻人物'],"['ColorPad付费包-版画埃及众神', '美学风格']"
65ae35ee73358196a1651c48,['其他奇幻人物'],"['ColorPad付费包-版画埃及众神', '美学风格']",['其他奇幻人物'],"['ColorPad付费包-版画埃及众神', '美学风格']"
659f6543f4f3a2c248936e05,['独栋房屋'],"['ColorPad付费包-马克笔建筑', '美学风格']",['独栋房屋'],"['ColorPad付费包-马克笔建筑', '美学风格']"
659f6543f4f3a2c248936e03,['独栋房屋'],"['ColorPad付费包-马克笔建筑', '美学风格']",['独栋房屋'],"['ColorPad付费包-马克笔建筑', '美学风格']"
659f6543f4f3a2c248936e06,['独栋房屋'],"['ColorPad付费包-马克笔建筑', '美学风格']",['独栋房屋'],"['ColorPad付费包-马克笔建筑', '美学风格']"
659f6543f4f3a2c248936e04,['独栋房屋'],"['ColorPad付费包-马克笔建筑', '美学风格']",['独栋房屋'],"['ColorPad付费包-马克笔建筑', '美学风格']"
65a62565f4f3a2c24893fa05,['独栋房屋'],"['ColorPad付费包-马克笔建筑', '美学风格']",['独栋房屋'],"['ColorPad付费包-马克笔建筑', '美学风格']"
65a62565f4f3a2c24893fa06,['独栋房屋'],"['ColorPad付费包-马克笔建筑', '美学风格']",['独栋房屋'],"['ColorPad付费包-马克笔建筑', '美学风格']"
65ae35ee73358196a1651c49,['独栋房屋'],"['ColorPad付费包-马克笔建筑', '美学风格']",['独栋房屋'],"['ColorPad付费包-马克笔建筑', '美学风格']"
659bc4a9d0e2d694fbb0b688,['混合甜点'],['美好事物带来的愉悦'],['混合甜点'],['美好事物带来的愉悦']
659bc37629b00e0d9f7f18e7,['厨房'],['美好事物带来的愉悦'],['厨房'],['美好事物带来的愉悦']
65ae35ee73358196a1651c37,['多种动物'],['美好生活的喜悦'],['多种动物'],['美好生活的喜悦']
65a62565f4f3a2c24893fa24,['欧美日常女性'],['美好生活的喜悦'],['欧美日常女性'],['美好生活的喜悦']
659f43337bc0f70db050d27f,['其他奇幻物品'],['经典童话再现'],['其他奇幻物品'],['经典童话再现']
659bc504d0e2d694fbb0b6d3,['多人'],['经典童话再现'],['多人'],['经典童话再现']
65a77b1bf4f3a2c248941c5c,['王子公主'],"['iPad速写图', '经典童话再现']",['王子公主'],"['iPad速写图', '经典童话再现']"
65a9e93aa64b6582fe02a864,['多人'],"['iPad速写图', '兴趣活动的喜悦']",['多人'],"['iPad速写图', '兴趣活动的喜悦']"
659bc504d0e2d694fbb0b6d2,['树懒'],"['iPad速写图', '生机带来的希望']",['树懒'],"['iPad速写图', '生机带来的希望']"
659bc37629b00e0d9f7f18f1,['多人'],"['iPad速写图', '亲情']",['多人'],"['iPad速写图', '亲情']"
659bc37629b00e0d9f7f18ef,['多人'],"['iPad速写图', '社会生活的喜悦']",['多人'],"['iPad速写图', '社会生活的喜悦']"
659bc4a9d0e2d694fbb0b667,['欧美日常女性'],"['iPad速写图', '美好生活的喜悦']",['欧美日常女性'],"['iPad速写图', '美好生活的喜悦']"
659e389a7bc0f70db050bb17,['其他奇幻场景'],"['现实重构', 'iPad速写图']",['其他奇幻场景'],"['现实重构', 'iPad速写图']"
659bc4a9d0e2d694fbb0b685,['孩子'],"['iPad速写图', '美好生活的喜悦']",['孩子'],"['iPad速写图', '美好生活的喜悦']"
65a0b8d7f4f3a2c24893919f,['多人'],"['iPad速写图', '爱情']",['多人'],"['iPad速写图', '爱情']"
659bc4a9d0e2d694fbb0b66c,['河流湖泊'],"['iPad速写图', '自然环境的宁静']",['河流湖泊'],"['iPad速写图', '自然环境的宁静']"
659bc504d0e2d694fbb0b6c8,['帆船'],"['iPad速写图', '美好事物带来的愉悦']",['帆船'],"['iPad速写图', '美好事物带来的愉悦']"
659bc4a9d0e2d694fbb0b66b,['独栋房屋'],"['iPad速写图', '生活环境的宁静']",['独栋房屋'],"['iPad速写图', '生活环境的宁静']"
659bc4a9d0e2d694fbb0b683,['海洋'],"['iPad速写图', '自然环境的宁静']",['海洋'],"['iPad速写图', '自然环境的宁静']"
65a62565f4f3a2c24893f9f9,['河流湖泊'],"['iPad速写图', '生活环境的宁静']",['河流湖泊'],"['iPad速写图', '生活环境的宁静']"
65a9e93aa64b6582fe02a860,['小径'],"['iPad速写图', '生活环境的宁静']",['小径'],"['iPad速写图', '生活环境的宁静']"
65a77b1bf4f3a2c248941c5d,['桌椅'],"['iPad速写图', '美好事物带来的愉悦']",['桌椅'],"['iPad速写图', '美好事物带来的愉悦']"
659bc4a9d0e2d694fbb0b66d,['河流'],"['iPad速写图', '自然环境的宁静']",['河流'],"['iPad速写图', '自然环境的宁静']"
659f6543f4f3a2c248936dfd,['树'],"['iPad速写图', '自然环境的宁静']",['树'],"['iPad速写图', '自然环境的宁静']"
65a9e93aa64b6582fe02a85f,['独栋房屋'],"['iPad速写图', '生活环境的宁静']",['独栋房屋'],"['iPad速写图', '生活环境的宁静']"
65b06cdb73358196a165580c,['欧美日常女性'],"['美好生活的喜悦', '彩绘作者包-Camille_Leclerc']",['欧美日常女性'],"['美好生活的喜悦', '彩绘作者包-Camille_Leclerc']"
65a62565f4f3a2c24893fa23,['老鼠'],"['彩绘作者包-Roisin_Sweeney', '拟人化']",['老鼠'],"['彩绘作者包-Roisin_Sweeney', '拟人化']"
65af59b0a64b6582fe032bad,['橘猫'],"['彩绘作者包-Mira_Rast', '美好生活的喜悦']",['橘猫'],"['彩绘作者包-Mira_Rast', '美好生活的喜悦']"
65a62565f4f3a2c24893fa0a,['其他狗'],"['彩绘作者包-Brooke_Faulder', '美好生活的喜悦']",['其他狗'],"['彩绘作者包-Brooke_Faulder', '美好生活的喜悦']"
65ae35ee73358196a1651c47,['其他童话人物'],"['经典童话再现', '彩绘作者包-Roisin_Sweeney']",['其他童话人物'],"['经典童话再现', '彩绘作者包-Roisin_Sweeney']"
65ae35ee73358196a1651c36,['多人'],"['彩绘作者包-Trevor_Mitchell', '成图采购', '社会生活的喜悦']",['多人'],"['彩绘作者包-Trevor_Mitchell', '成图采购', '社会生活的喜悦']"
65ae35ee73358196a1651c39,['其他猫'],"['彩绘作者包- Nadia', '美好生活的喜悦', '成图采购']",['其他猫'],"['彩绘作者包- Nadia', '美好生活的喜悦', '成图采购']"
659e389a7bc0f70db050bb12,['其他奇幻人物'],"['彩绘作者包-Anne_Stokes', '成图采购', '魔法']",['其他奇幻人物'],"['彩绘作者包-Anne_Stokes', '成图采购', '魔法']"
65ae35ee73358196a1651c40,['欧洲古典式客厅'],"['彩绘作者包-Georgia Bennett', '生活环境的宁静']",['欧洲古典式客厅'],"['彩绘作者包-Georgia Bennett', '生活环境的宁静']"
65a9f73173358196a164c200,['其他房屋内饰'],"['iPad速写图', '生活环境的宁静']",['其他房屋内饰'],"['iPad速写图', '生活环境的宁静']"
65a9e93aa64b6582fe02a865,['其他拟人化动物'],"['iPad速写图', '拟人化']",['其他拟人化动物'],"['iPad速写图', '拟人化']"
65a8bb9da64b6582fe0284e2,['现代简约卧室'],"['iPad速写图', '生活环境的宁静']",['现代简约卧室'],"['iPad速写图', '生活环境的宁静']"
65a77b1bf4f3a2c248941c61,['鲸鱼'],"['iPad速写图', '生机带来的希望']",['鲸鱼'],"['iPad速写图', '生机带来的希望']"
65a748bdf4f3a2c248941676,['其他房屋内饰'],"['iPad速写图', '禅意场所']",['其他房屋内饰'],"['iPad速写图', '禅意场所']"
65a62565f4f3a2c24893fa0f,['独栋房屋'],"['iPad速写图', '生活环境的宁静']",['独栋房屋'],"['iPad速写图', '生活环境的宁静']"
65a62565f4f3a2c24893fa09,['其他花'],"['iPad速写图', '生机带来的希望']",['其他花'],"['iPad速写图', '生机带来的希望']"
65a62565f4f3a2c24893fa04,['独栋房屋'],"['iPad速写图', '生活环境的宁静']",['独栋房屋'],"['iPad速写图', '生活环境的宁静']"
65a62565f4f3a2c24893fa02,['独栋房屋'],"['iPad速写图', '生活环境的宁静']",['独栋房屋'],"['iPad速写图', '生活环境的宁静']"
65a62565f4f3a2c24893fa01,['独栋房屋'],"['iPad速写图', '生活环境的宁静']",['独栋房屋'],"['iPad速写图', '生活环境的宁静']"
659bc504d0e2d694fbb0b6b7,['独栋房屋'],"['iPad速写图', '生活环境的宁静']",['独栋房屋'],"['iPad速写图', '生活环境的宁静']"
659bc4a9d0e2d694fbb0b68c,['拟人鼠'],"['iPad速写图', '拟人化']",['拟人鼠'],"['iPad速写图', '拟人化']"
659bc504d0e2d694fbb0b6a6,['现代简约卧室'],"['iPad速写图', '生活环境的宁静']",['现代简约卧室'],"['iPad速写图', '生活环境的宁静']"
659bc4a9d0e2d694fbb0b68b,['拟人猫'],"['iPad速写图', '拟人化']",['拟人猫'],"['iPad速写图', '拟人化']"
659bc37629b00e0d9f7f18f2,['其他鸟'],"['iPad速写图', '生机带来的希望']",['其他鸟'],"['iPad速写图', '生机带来的希望']"
659bc37629b00e0d9f7f18ed,['欧美日常女性'],"['iPad速写图', '兴趣活动的喜悦']",['欧美日常女性'],"['iPad速写图', '兴趣活动的喜悦']"
659bc37629b00e0d9f7f18f5,['其他物品'],"['iPad速写图', '美好事物带来的愉悦']",['其他物品'],"['iPad速写图', '美好事物带来的愉悦']"
65a0b8d7f4f3a2c24893919c,['其他花'],"['iPad速写图', '生机带来的希望']",['其他花'],"['iPad速写图', '生机带来的希望']"
65a0b8d7f4f3a2c24893919d,['狼'],"['iPad速写图', '生机带来的希望']",['狼'],"['iPad速写图', '生机带来的希望']"
659f6543f4f3a2c248936e02,['独栋房屋'],"['iPad速写图', '生活环境的宁静']",['独栋房屋'],"['iPad速写图', '生活环境的宁静']"
659f6543f4f3a2c248936e01,['独栋房屋'],"['iPad速写图', '生活环境的宁静']",['独栋房屋'],"['iPad速写图', '生活环境的宁静']"
659f6543f4f3a2c248936e07,['独栋房屋'],"['iPad速写图', '生活环境的宁静']",['独栋房屋'],"['iPad速写图', '生活环境的宁静']"
659f6543f4f3a2c248936e08,['其他花'],"['iPad速写图', '生机带来的希望']",['其他花'],"['iPad速写图', '生机带来的希望']"
659e389a7bc0f70db050bb05,['其他奇幻物品'],"['iPad速写图', '现实重构']",['其他奇幻物品'],"['iPad速写图', '现实重构']"
659e389a7bc0f70db050bb14,['欧美日常女性'],"['iPad速写图', '美好生活的喜悦']",['欧美日常女性'],"['iPad速写图', '美好生活的喜悦']"
659e389a7bc0f70db050bb03,['其他种族女性'],"['iPad速写图', '生活与节日']",['其他种族女性'],"['iPad速写图', '生活与节日']"
659e389a7bc0f70db050bb07,['混杂蔬果'],"['iPad速写图', '美好事物带来的愉悦']",['混杂蔬果'],"['iPad速写图', '美好事物带来的愉悦']"
659e389a7bc0f70db050bb06,['独栋房屋'],"['iPad速写图', '生活环境的宁静']",['独栋房屋'],"['iPad速写图', '生活环境的宁静']"
659bc504d0e2d694fbb0b6cf,['其他拟人化动物'],"['iPad速写图', '拟人化']",['其他拟人化动物'],"['iPad速写图', '拟人化']"
65a62565f4f3a2c24893f9fb,['孩子'],"['iPad速写图', '宠物情']",['孩子'],"['iPad速写图', '宠物情']"
659bc4a9d0e2d694fbb0b689,['拟人熊'],"['iPad速写图', '拟人化']",['拟人熊'],"['iPad速写图', '拟人化']"
659bc37629b00e0d9f7f18e9,['平铺图案'],"['ZenColor普通图', '秩序化图案']",['平铺图案'],"['ZenColor普通图', '秩序化图案']"
659bc37629b00e0d9f7f18e5,['街景一角'],"['iPad速写图', '生活环境的宁静']",['街景一角'],"['iPad速写图', '生活环境的宁静']"
65a8bb9da64b6582fe0284de,['多人'],"['iPad速写图', '兴趣活动的喜悦']",['多人'],"['iPad速写图', '兴趣活动的喜悦']"
659f6543f4f3a2c248936e00,['平铺图案'],"['ZenColor普通图', '秩序化图案']",['平铺图案'],"['ZenColor普通图', '秩序化图案']"
659bc4a9d0e2d694fbb0b682,['街道'],"['iPad速写图', '生活环境的宁静']",['街道'],"['iPad速写图', '生活环境的宁静']"
659bc4a9d0e2d694fbb0b67b,['蜡烛'],"['iPad速写图', '美好事物带来的愉悦']",['蜡烛'],"['iPad速写图', '美好事物带来的愉悦']"
659bc4a9d0e2d694fbb0b675,['孩子'],"['iPad速写图', '宠物情']",['孩子'],"['iPad速写图', '宠物情']"
659bc4a9d0e2d694fbb0b670,['多种动物'],"['iPad速写图', '生机带来的希望']",['多种动物'],"['iPad速写图', '生机带来的希望']"
65a77b1bf4f3a2c248941c60,['缝纫机'],"['iPad速写图', '美好事物带来的愉悦']",['缝纫机'],"['iPad速写图', '美好事物带来的愉悦']"
65a77b1bf4f3a2c248941c5e,['欧美日常女性'],"['iPad速写图', '美好生活的喜悦']",['欧美日常女性'],"['iPad速写图', '美好生活的喜悦']"
65a77b1bf4f3a2c248941c59,['仙女精灵'],"['iPad速写图', '魔法']",['仙女精灵'],"['iPad速写图', '魔法']"
659bc504d0e2d694fbb0b6b0,['其他船'],"['iPad速写图', '生活与节日']",['其他船'],"['iPad速写图', '生活与节日']"
659bc4a9d0e2d694fbb0b686,['多种动物'],"['iPad速写图', '生机带来的希望']",['多种动物'],"['iPad速写图', '生机带来的希望']"
659bc4a9d0e2d694fbb0b679,['多人'],"['iPad速写图', '亲情']",['多人'],"['iPad速写图', '亲情']"
659bc37629b00e0d9f7f18f9,['平铺图案'],"['ZenColor普通图', '秩序化图案']",['平铺图案'],"['ZenColor普通图', '秩序化图案']"
659bc504d0e2d694fbb0b6c2,['河流湖泊'],"['iPad速写图', '自然环境的宁静']",['河流湖泊'],"['iPad速写图', '自然环境的宁静']"
659bc4a9d0e2d694fbb0b68d,['其他花'],"['iPad速写图', '生机带来的希望']",['其他花'],"['iPad速写图', '生机带来的希望']"
659bc504d0e2d694fbb0b6c7,['混合甜点'],"['iPad速写图', '美好事物带来的愉悦']",['混合甜点'],"['iPad速写图', '美好事物带来的愉悦']"
659bc504d0e2d694fbb0b6be,['鸭'],"['iPad速写图', '生机带来的希望']",['鸭'],"['iPad速写图', '生机带来的希望']"
659bc504d0e2d694fbb0b6b1,['平铺图案'],"['ZenColor普通图', '秩序化图案']",['平铺图案'],"['ZenColor普通图', '秩序化图案']"
659bc504d0e2d694fbb0b6b2,['披萨'],"['iPad速写图', '美好事物带来的愉悦']",['披萨'],"['iPad速写图', '美好事物带来的愉悦']"
659bc504d0e2d694fbb0b6a9,['多种动物'],"['iPad速写图', '美好生活的喜悦']",['多种动物'],"['iPad速写图', '美好生活的喜悦']"
659bc4a9d0e2d694fbb0b665,['现代简约式客厅'],"['iPad速写图', '生活环境的宁静']",['现代简约式客厅'],"['iPad速写图', '生活环境的宁静']"
65a77b1bf4f3a2c248941c5f,['其他花'],"['iPad速写图', '生机带来的希望']",['其他花'],"['iPad速写图', '生机带来的希望']"
659f6543f4f3a2c248936dfe,['混杂蔬果'],"['iPad速写图', '美好事物带来的愉悦']",['混杂蔬果'],"['iPad速写图', '美好事物带来的愉悦']"
659e389a7bc0f70db050bafc,['其他奇幻人物'],"['魔法', 'iPad速写图']",['其他奇幻人物'],"['魔法', 'iPad速写图']"
659bc504d0e2d694fbb0b6d0,['平铺图案'],"['ZenColor普通图', '秩序化图案']",['平铺图案'],"['ZenColor普通图', '秩序化图案']"
659bc4a9d0e2d694fbb0b690,['混合甜点'],"['iPad速写图', '生活与节日']",['混合甜点'],"['iPad速写图', '生活与节日']"
659bc37629b00e0d9f7f18e8,['王子公主'],"['iPad速写图', '经典童话再现']",['王子公主'],"['iPad速写图', '经典童话再现']"
659bc37629b00e0d9f7f18ee,['孩子'],"['iPad速写图', '友情']",['孩子'],"['iPad速写图', '友情']"
65a77b1bf4f3a2c248941c62,['曼陀罗'],"['ZenColor普通图', '曼陀罗']",['曼陀罗'],"['ZenColor普通图', '曼陀罗']"
659e389a7bc0f70db050bb18,['欧美日常女性'],"['iPad速写图', '探索外太空']",['欧美日常女性'],"['iPad速写图', '探索外太空']"
659bc4a9d0e2d694fbb0b693,['蘑菇'],"['iPad速写图', '生机带来的希望']",['蘑菇'],"['iPad速写图', '生机带来的希望']"
659bc4a9d0e2d694fbb0b67c,['其他车'],"['iPad速写图', '美好事物带来的愉悦']",['其他车'],"['iPad速写图', '美好事物带来的愉悦']"
659bc4a9d0e2d694fbb0b671,['郁金香'],"['iPad速写图', '生机带来的希望']",['郁金香'],"['iPad速写图', '生机带来的希望']"
659bc37629b00e0d9f7f18fa,['平铺图案'],"['iPad速写图', '秩序化图案']",['平铺图案'],"['iPad速写图', '秩序化图案']"
65a9e93aa64b6582fe02a861,['现代简约卧室'],"['iPad速写图', '生活环境的宁静']",['现代简约卧室'],"['iPad速写图', '生活环境的宁静']"
65a9e93aa64b6582fe02a866,['其他花'],"['iPad速写图', '生机带来的希望']",['其他花'],"['iPad速写图', '生机带来的希望']"
65a748bdf4f3a2c248941674,['房车'],"['iPad速写图', '美好事物带来的愉悦']",['房车'],"['iPad速写图', '美好事物带来的愉悦']"
65a62565f4f3a2c24893fa11,['曼陀罗'],"['iPad速写图', '曼陀罗']",['曼陀罗'],"['iPad速写图', '曼陀罗']"
65a62565f4f3a2c24893f9f8,['湖泊'],"['iPad速写图', '自然环境的宁静']",['湖泊'],"['iPad速写图', '自然环境的宁静']"
659e389a7bc0f70db050bb02,['化妆品'],"['iPad速写图', '生活与节日']",['化妆品'],"['iPad速写图', '生活与节日']"
659e389a7bc0f70db050bb00,['王子公主'],"['iPad速写图', '经典童话再现']",['王子公主'],"['iPad速写图', '经典童话再现']"
659bc504d0e2d694fbb0b6bf,['孔雀'],"['iPad速写图', '生机带来的希望']",['孔雀'],"['iPad速写图', '生机带来的希望']"
659bc4a9d0e2d694fbb0b67e,['天马'],"['iPad速写图', '神话']",['天马'],"['iPad速写图', '神话']"
659bc37629b00e0d9f7f18f8,['平铺图案'],"['ZenColor普通图', '秩序化图案']",['平铺图案'],"['ZenColor普通图', '秩序化图案']"
65a9f73173358196a164c1fd,['拟人鸭'],"['iPad速写图', '拟人化']",['拟人鸭'],"['iPad速写图', '拟人化']"
65a748bdf4f3a2c248941677,['孩子'],"['iPad速写图', '友情']",['孩子'],"['iPad速写图', '友情']"
65a62565f4f3a2c24893fa0d,['奇幻树'],"['iPad速写图', '拟人化']",['奇幻树'],"['iPad速写图', '拟人化']"
65a62565f4f3a2c24893fa0e,['独栋房屋'],"['iPad速写图', '生活环境的宁静']",['独栋房屋'],"['iPad速写图', '生活环境的宁静']"
65a62565f4f3a2c24893f9fc,['孩子'],"['iPad速写图', '宠物情']",['孩子'],"['iPad速写图', '宠物情']"
659e389a7bc0f70db050bb19,['多人'],"['iPad速写图', '亲情']",['多人'],"['iPad速写图', '亲情']"
659bc504d0e2d694fbb0b6d5,['其他奇幻场景'],"['iPad速写图', '魔法']",['其他奇幻场景'],"['iPad速写图', '魔法']"
659bc504d0e2d694fbb0b6c4,['独栋房屋'],"['iPad速写图', '生活环境的宁静']",['独栋房屋'],"['iPad速写图', '生活环境的宁静']"
659bc504d0e2d694fbb0b6c0,['狐狸'],"['iPad速写图', '生机带来的希望']",['狐狸'],"['iPad速写图', '生机带来的希望']"
659bc504d0e2d694fbb0b6cb,['拟人兔'],"['iPad速写图', '拟人化']",['拟人兔'],"['iPad速写图', '拟人化']"
659bc504d0e2d694fbb0b6ca,['拟人鸭'],"['iPad速写图', '拟人化']",['拟人鸭'],"['iPad速写图', '拟人化']"
659bc504d0e2d694fbb0b6bc,['孩子'],"['iPad速写图', '宠物情']",['孩子'],"['iPad速写图', '宠物情']"
659bc504d0e2d694fbb0b6b8,['欧美日常女性'],"['iPad速写图', '美好生活的喜悦']",['欧美日常女性'],"['iPad速写图', '美好生活的喜悦']"
659bc504d0e2d694fbb0b6bb,['多人'],"['iPad速写图', '亲情']",['多人'],"['iPad速写图', '亲情']"
659bc504d0e2d694fbb0b6b6,['独栋房屋'],"['iPad速写图', '自然环境的宁静']",['独栋房屋'],"['iPad速写图', '自然环境的宁静']"
659bc4a9d0e2d694fbb0b687,['混合甜点'],"['iPad速写图', '美好事物带来的愉悦']",['混合甜点'],"['iPad速写图', '美好事物带来的愉悦']"
659bc504d0e2d694fbb0b6b4,['厨房'],"['iPad速写图', '生活环境的宁静']",['厨房'],"['iPad速写图', '生活环境的宁静']"
659bc504d0e2d694fbb0b6ac,['混合甜点'],"['iPad速写图', '美好事物带来的愉悦']",['混合甜点'],"['iPad速写图', '美好事物带来的愉悦']"
659bc4a9d0e2d694fbb0b67a,['玩偶'],"['iPad速写图', '美好事物带来的愉悦']",['玩偶'],"['iPad速写图', '美好事物带来的愉悦']"
659bc4a9d0e2d694fbb0b678,['孩子'],"['iPad速写图', '宠物情']",['孩子'],"['iPad速写图', '宠物情']"
659bc4a9d0e2d694fbb0b668,['小径'],"['iPad速写图', '生活环境的宁静']",['小径'],"['iPad速写图', '生活环境的宁静']"
659bc37629b00e0d9f7f18fd,['其他花'],"['iPad速写图', '生机带来的希望']",['其他花'],"['iPad速写图', '生机带来的希望']"
659bc37629b00e0d9f7f18eb,['现代简约式客厅'],"['iPad速写图', '生活环境的宁静']",['现代简约式客厅'],"['iPad速写图', '生活环境的宁静']"
659bc37629b00e0d9f7f18ea,['婴儿'],"['iPad速写图', '现实重构']",['婴儿'],"['iPad速写图', '现实重构']"
65a8bb9da64b6582fe0284dc,['鹦鹉'],"['iPad速写图', '生机带来的希望']",['鹦鹉'],"['iPad速写图', '生机带来的希望']"
65a77b1bf4f3a2c248941c5a,['其他奇幻房屋'],"['iPad速写图', '现实重构']",['其他奇幻房屋'],"['iPad速写图', '现实重构']"
65a748bdf4f3a2c248941678,['孩子'],"['iPad速写图', '兴趣活动的喜悦']",['孩子'],"['iPad速写图', '兴趣活动的喜悦']"
65a62565f4f3a2c24893fa10,['湖泊'],"['iPad速写图', '自然环境的宁静']",['湖泊'],"['iPad速写图', '自然环境的宁静']"
659e389a7bc0f70db050baff,['其他拟人化动物'],"['拟人化', 'iPad速写图']",['其他拟人化动物'],"['拟人化', 'iPad速写图']"
659bc504d0e2d694fbb0b6c9,['仙女精灵'],"['iPad速写图', '现实重构']",['仙女精灵'],"['iPad速写图', '现实重构']"
659bc504d0e2d694fbb0b6bd,['多人'],"['iPad速写图', '友情']",['多人'],"['iPad速写图', '友情']"
659bc4a9d0e2d694fbb0b68a,['白雪公主'],"['iPad速写图', '经典童话再现']",['白雪公主'],"['iPad速写图', '经典童话再现']"
659bc4a9d0e2d694fbb0b684,['现代简约式客厅'],"['iPad速写图', '生活环境的宁静']",['现代简约式客厅'],"['iPad速写图', '生活环境的宁静']"
659bc4a9d0e2d694fbb0b673,['其他花'],"['iPad速写图', '生机带来的希望']",['其他花'],"['iPad速写图', '生机带来的希望']"
659bc4a9d0e2d694fbb0b677,['孩子'],"['iPad速写图', '宠物情']",['孩子'],"['iPad速写图', '宠物情']"
659bc4a9d0e2d694fbb0b66e,['独栋房屋'],"['iPad速写图', '生活环境的宁静']",['独栋房屋'],"['iPad速写图', '生活环境的宁静']"
65a9f73173358196a164c1fb,['其他奇幻人物'],"['iPad速写图', '魔法']",['其他奇幻人物'],"['iPad速写图', '魔法']"
65a62565f4f3a2c24893f9ff,['曼陀罗'],"['ZenColor普通图', '曼陀罗']",['曼陀罗'],"['ZenColor普通图', '曼陀罗']"
659bc504d0e2d694fbb0b6c6,['其他车'],"['iPad速写图', '美好事物带来的愉悦']",['其他车'],"['iPad速写图', '美好事物带来的愉悦']"
659bc504d0e2d694fbb0b6aa,['多种动物'],"['iPad速写图', '生机带来的希望']",['多种动物'],"['iPad速写图', '生机带来的希望']"
65a9f73173358196a164c1fc,['龙蛋'],"['iPad速写图', '魔法']",['龙蛋'],"['iPad速写图', '魔法']"
659f43337bc0f70db050d280,['獾'],"['iPad速写图', '生机带来的希望']",['獾'],"['iPad速写图', '生机带来的希望']"
659bc504d0e2d694fbb0b6d4,['极光'],"['iPad速写图', '生活环境的宁静']",['极光'],"['iPad速写图', '生活环境的宁静']"
659bc37629b00e0d9f7f18f4,['多人'],"['iPad速写图', '社会生活的喜悦']",['多人'],"['iPad速写图', '社会生活的喜悦']"
659bc37629b00e0d9f7f18e3,['其他拟人化动物'],"['iPad速写图', '拟人化']",['其他拟人化动物'],"['iPad速写图', '拟人化']"
65a9f73173358196a164c1f9,['孩子'],"['iPad速写图', '美好生活的喜悦']",['孩子'],"['iPad速写图', '美好生活的喜悦']"
65a9e93aa64b6582fe02a85e,['湖泊'],"['iPad速写图', '自然环境的宁静']",['湖泊'],"['iPad速写图', '自然环境的宁静']"
65a77b1bf4f3a2c248941c5b,['其他奇幻房屋'],"['iPad速写图', '现实重构']",['其他奇幻房屋'],"['iPad速写图', '现实重构']"
65a62565f4f3a2c24893f9fe,['天使'],"['iPad速写图', '魔法']",['天使'],"['iPad速写图', '魔法']"
65a62565f4f3a2c24893f9fd,['多种动物'],"['iPad速写图', '生机带来的希望']",['多种动物'],"['iPad速写图', '生机带来的希望']"
65a0b8d7f4f3a2c248939199,['其他狗'],"['iPad速写图', '美好生活的喜悦']",['其他狗'],"['iPad速写图', '美好生活的喜悦']"
659f6543f4f3a2c248936dfb,['其他客厅'],"['iPad速写图', '生活环境的宁静']",['其他客厅'],"['iPad速写图', '生活环境的宁静']"
659e389a7bc0f70db050bb04,['魔法师'],"['iPad速写图', '魔法']",['魔法师'],"['iPad速写图', '魔法']"
659e389a7bc0f70db050bafe,['王子公主'],"['经典童话再现', 'iPad速写图']",['王子公主'],"['经典童话再现', 'iPad速写图']"
659bc504d0e2d694fbb0b6d1,['向日葵'],"['iPad速写图', '生机带来的希望']",['向日葵'],"['iPad速写图', '生机带来的希望']"
659bc504d0e2d694fbb0b6cc,['欧美日常女性'],"['iPad速写图', '美好生活的喜悦']",['欧美日常女性'],"['iPad速写图', '美好生活的喜悦']"
659bc504d0e2d694fbb0b6c5,['房车'],"['iPad速写图', '美好事物带来的愉悦']",['房车'],"['iPad速写图', '美好事物带来的愉悦']"
659bc4a9d0e2d694fbb0b68e,['帽子'],"['iPad速写图', '美好事物带来的愉悦']",['帽子'],"['iPad速写图', '美好事物带来的愉悦']"
659bc4a9d0e2d694fbb0b692,['其他奇幻场景'],"['iPad速写图', '现实重构']",['其他奇幻场景'],"['iPad速写图', '现实重构']"
659bc504d0e2d694fbb0b6b9,['其他猫'],"['iPad速写图', '美好生活的喜悦']",['其他猫'],"['iPad速写图', '美好生活的喜悦']"
659bc4a9d0e2d694fbb0b67f,['拟人熊'],"['iPad速写图', '拟人化']",['拟人熊'],"['iPad速写图', '拟人化']"
659bc4a9d0e2d694fbb0b674,['鸡'],"['iPad速写图', '生机带来的希望']",['鸡'],"['iPad速写图', '生机带来的希望']"
659bc504d0e2d694fbb0b6ad,['拟人兔'],"['iPad速写图', '拟人化']",['拟人兔'],"['iPad速写图', '拟人化']"
659bc4a9d0e2d694fbb0b672,['多种动物'],"['iPad速写图', '生机带来的希望']",['多种动物'],"['iPad速写图', '生机带来的希望']"
659bc504d0e2d694fbb0b6a5,['独栋房屋'],"['iPad速写图', '生活环境的宁静']",['独栋房屋'],"['iPad速写图', '生活环境的宁静']"
659bc504d0e2d694fbb0b6a7,['河流湖泊'],"['iPad速写图', '自然环境的宁静']",['河流湖泊'],"['iPad速写图', '自然环境的宁静']"
659bc4a9d0e2d694fbb0b66f,['马'],"['PBN速写图', 'iPad速写图']",['马'],"['PBN速写图', 'iPad速写图']"
659bc4a9d0e2d694fbb0b664,['桌椅'],"['iPad速写图', '美好事物带来的愉悦']",['桌椅'],"['iPad速写图', '美好事物带来的愉悦']"
659bc4a9d0e2d694fbb0b666,['孩子'],"['iPad速写图', '美好生活的喜悦']",['孩子'],"['iPad速写图', '美好生活的喜悦']"
659bc37629b00e0d9f7f18ec,['小径'],"['iPad速写图', '自然环境的宁静']",['小径'],"['iPad速写图', '自然环境的宁静']"
65af59b0a64b6582fe032bae,['河流'],"['ColorPad付费包-浮世绘', '美学风格']",['河流'],"['ColorPad付费包-浮世绘', '美学风格']"
65b0ada373358196a16563b9,['糖果'],"['美好事物带来的愉悦', 'iPad速写图']",['糖果'],"['美好事物带来的愉悦', 'iPad速写图']"
65b0ada373358196a16563bb,['立体图案'],"['秩序化图案', 'ZenColor普通图']",['立体图案'],"['秩序化图案', 'ZenColor普通图']"
65b0ada373358196a16563b5,['其他种族女性'],"['iPad速写图', '美好生活的喜悦']",['其他种族女性'],"['iPad速写图', '美好生活的喜悦']"
65b0ada373358196a16563b4,['印第安女'],"['iPad速写图', '美好生活的喜悦']",['印第安女'],"['iPad速写图', '美好生活的喜悦']"
65b06cdb73358196a1655809,['企鹅'],"['iPad速写图', '生机带来的希望']",['企鹅'],"['iPad速写图', '生机带来的希望']"
65b06cdb73358196a1655806,['孩子'],"['iPad速写图', '美好生活的喜悦']",['孩子'],"['iPad速写图', '美好生活的喜悦']"
65b06cdb73358196a1655808,['其他奇幻场景'],"['iPad速写图', '原创幻想']",['其他奇幻场景'],"['iPad速写图', '原创幻想']"
65ae35ee73358196a1651c41,['河流湖泊'],"['iPad速写图', '自然环境的宁静']",['河流湖泊'],"['iPad速写图', '人工融入自然的宁静']"
65ae35ee73358196a1651c44,['其他种族女性'],"['iPad速写图', '美好生活的喜悦']",['其他种族女性'],"['iPad速写图', '美好生活的喜悦']"
65ae35ee73358196a1651c43,['独栋房屋'],"['iPad速写图', '生活环境的宁静']",['独栋房屋'],"['iPad速写图', '生活环境的宁静']"
65ae35ee73358196a1651c3c,['沙发'],"['iPad速写图', '美好事物带来的愉悦']",['沙发'],"['iPad速写图', '美好事物带来的愉悦']"
65ae35ee73358196a1651c34,['捕梦网'],"['iPad速写图', '美好事物带来的愉悦']",['捕梦网'],"['iPad速写图', '美好事物带来的愉悦']"
65ae35ee73358196a1651c30,['田野'],"['iPad速写图', '自然环境的宁静']",['田野'],"['iPad速写图', '自然风光的宁静']"
65a62565f4f3a2c24893fa1a,['独栋房屋'],"['ColorPad付费包-浮世绘', '美学风格']",['独栋房屋'],"['ColorPad付费包-浮世绘', '美学风格']"
65a62565f4f3a2c24893fa1e,['老虎'],"['ColorPad付费包-浮世绘', '美学风格']",['老虎'],"['ColorPad付费包-浮世绘', '美学风格']"
65a62565f4f3a2c24893fa1d,['马'],"['ColorPad付费包-浮世绘', '美学风格']",['马'],"['ColorPad付费包-浮世绘', '美学风格']"
65a62565f4f3a2c24893fa1c,['富士山'],"['ColorPad付费包-浮世绘', '美学风格']",['富士山'],"['ColorPad付费包-浮世绘', '美学风格']"
65a62565f4f3a2c24893fa1b,['日本传统服饰女性'],"['ColorPad付费包-浮世绘', '美学风格']",['日本传统服饰女性'],"['ColorPad付费包-浮世绘', '美学风格']"
65a62565f4f3a2c24893fa19,['日本传统服饰女性'],"['ColorPad付费包-浮世绘', '美学风格']",['日本传统服饰女性'],"['ColorPad付费包-浮世绘', '美学风格']"
65a0b8d7f4f3a2c2489391a3,['桥梁'],"['ColorPad付费包-浮世绘', '美学风格']",['桥梁'],"['ColorPad付费包-浮世绘', '美学风格']"
65a0b8d7f4f3a2c24893919b,['独栋房屋'],"['ColorPad付费包-马克笔建筑', '生活环境的宁静']",['独栋房屋'],"['ColorPad付费包-马克笔建筑', '生活环境的宁静']"
65a0b8d7f4f3a2c24893919a,['独栋房屋'],"['ColorPad付费包-马克笔建筑', '生活环境的宁静']",['独栋房屋'],"['ColorPad付费包-马克笔建筑', '生活环境的宁静']"
